Workbook

Sheet Gamma Data
A1: STRIKE | B1: CALL GAMMA (1 Pct) | C1: PUT GAMMA (1 Pct)
A2: 4195 | B2: 0 | C2: 0
A3: 4200 | B3: 0 | C3: 12
A4: 4205 | B4: 0 | C4: 2
A5: 4210 | B5: 0 | C5: 1
A6: 4215 | B6: 0 | C6: 0
A7: 4220 | B7: 0 | C7: 1
A8: 4225 | B8: 0 | C8: 7
A9: 4230 | B9: 0 | C9: 2
A10: 4235 | B10: 0 | C10: 3
A11: 4240 | B11: 0 | C11: 2
A12: 4245 | B12: 0 | C12: 4
A13: 4250 | B13: 4 | C13: 34
... A74: 4555 | B74: 0 | C74: 0

Sheet GEX Calc
A1: STRIKE | B1: NET GAMMA (Call-Put) | C1: CUMULATIVE NET GEX
A2: =IF('Gamma Data'!A2="","",'Gamma Data'!A2) | B2: =IF(A2="","",'Gamma Data'!B2-'Gamma Data'!C2) | C2: =IF(A2="","",B2) | E2: รวม Call Gamma | F2: =SUM('Gamma Data'!B2:B201)
A3: =IF('Gamma Data'!A3="","",'Gamma Data'!A3) | B3: =IF(A3="","",'Gamma Data'!B3-'Gamma Data'!C3) | C3: =IF(A3="","",N(C2)+B3) | E3: รวม Put Gamma | F3: =SUM('Gamma Data'!C2:C201)
A4: =IF('Gamma Data'!A4="","",'Gamma Data'!A4) | B4: =IF(A4="","",'Gamma Data'!B4-'Gamma Data'!C4) | C4: =IF(A4="","",N(C3)+B4) | E4: NET GEX | F4: =F2-F3
A5: =IF('Gamma Data'!A5="","",'Gamma Data'!A5) | B5: =IF(A5="","",'Gamma Data'!B5-'Gamma Data'!C5) | C5: =IF(A5="","",N(C4)+B5) | E5: สถานะ | F5: =IF(F4>0,"Positive GEX (นิ่ง)","Negative GEX (แกว่งแรง)")
A6: =IF('Gamma Data'!A6="","",'Gamma Data'!A6) | B6: =IF(A6="","",'Gamma Data'!B6-'Gamma Data'!C6) | C6: =IF(A6="","",N(C5)+B6) | E6: ขอบบนเป็น 0 ครบไหม? | F6: =IF(AND('Gamma Data'!B2=0,'Gamma Data'!C2=0),"ครบ","ยังไม่ครบ - ขยาย Strikes เพิ่ม")
A7: =IF('Gamma Data'!A7="","",'Gamma Data'!A7) | B7: =IF(A7="","",'Gamma Data'!B7-'Gamma Data'!C7) | C7: =IF(A7="","",N(C6)+B7) | E7: ขอบล่างเป็น 0 ครบไหม? | F7: =IF(AND(INDEX('Gamma Data'!B2:B201,COUNT('Gamma Data'!A2:A201))=0,INDEX('Gamma Data'!C2:C201,COUNT('Gamma Data'!A2:A201))=0),"ครบ","ยังไม่ครบ - ขยาย Strikes เพิ่ม")
A8: =IF('Gamma Data'!A8="","",'Gamma Data'!A8) | B8: =IF(A8="","",'Gamma Data'!B8-'Gamma Data'!C8) | C8: =IF(A8="","",N(C7)+B8)
A9: =IF('Gamma Data'!A9="","",'Gamma Data'!A9) | B9: =IF(A9="","",'Gamma Data'!B9-'Gamma Data'!C9) | C9: =IF(A9="","",N(C8)+B9) | E9: CUMULATIVE NET GEX คือผลรวมสะสมของ Net Gamma ไล่จาก strike ต่ำสุดขึ้นไปสูงสุด ใช้ดูคร่าวๆว่าราคาระดับไหนที่ผลสะสมพลิกจากลบเป็นบวก (แนวคิดใกล้เคียง Gamma Flip แต่เป็นเวอร์ชันง่าย ไม่ใช่โมเดล dealer positioning เต็มรูปแบบ)
A10: =IF('Gamma Data'!A10="","",'Gamma Data'!A10) | B10: =IF(A10="","",'Gamma Data'!B10-'Gamma Data'!C10) | C10: =IF(A10="","",N(C9)+B10)
A11: =IF('Gamma Data'!A11="","",'Gamma Data'!A11) | B11: =IF(A11="","",'Gamma Data'!B11-'Gamma Data'!C11) | C11: =IF(A11="","",N(C10)+B11)
A12: =IF('Gamma Data'!A12="","",'Gamma Data'!A12) | B12: =IF(A12="","",'Gamma Data'!B12-'Gamma Data'!C12) | C12: =IF(A12="","",N(C11)+B12)
A13: =IF('Gamma Data'!A13="","",'Gamma Data'!A13) | B13: =IF(A13="","",'Gamma Data'!B13-'Gamma Data'!C13) | C13: =IF(A13="","",N(C12)+B13)
A14: =IF('Gamma Data'!A14="","",'Gamma Data'!A14) | B14: =IF(A14="","",'Gamma Data'!B14-'Gamma Data'!C14) | C14: =IF(A14="","",N(C13)+B14)
A15: =IF('Gamma Data'!A15="","",'Gamma Data'!A15) | B15: =IF(A15="","",'Gamma Data'!B15-'Gamma Data'!C15) | C15: =IF(A15="","",N(C14)+B15)
A16: =IF('Gamma Data'!A16="","",'Gamma Data'!A16) | B16: =IF(A16="","",'Gamma Data'!B16-'Gamma Data'!C16) | C16: =IF(A16="","",N(C15)+B16)
A17: =IF('Gamma Data'!A17="","",'Gamma Data'!A17) | B17: =IF(A17="","",'Gamma Data'!B17-'Gamma Data'!C17) | C17: =IF(A17="","",N(C16)+B17)
A18: =IF('Gamma Data'!A18="","",'Gamma Data'!A18) | B18: =IF(A18="","",'Gamma Data'!B18-'Gamma Data'!C18) | C18: =IF(A18="","",N(C17)+B18)
A19: =IF('Gamma Data'!A19="","",'Gamma Data'!A19) | B19: =IF(A19="","",'Gamma Data'!B19-'Gamma Data'!C19) | C19: =IF(A19="","",N(C18)+B19)
A20: =IF('Gamma Data'!A20="","",'Gamma Data'!A20) | B20: =IF(A20="","",'Gamma Data'!B20-'Gamma Data'!C20) | C20: =IF(A20="","",N(C19)+B20)
A21: =IF('Gamma Data'!A21="","",'Gamma Data'!A21) | B21: =IF(A21="","",'Gamma Data'!B21-'Gamma Data'!C21) | C21: =IF(A21="","",N(C20)+B21)
... A201: =IF('Gamma Data'!A201="","",'Gamma Data'!A201) | B201: =IF(A201="","",'Gamma Data'!B201-'Gamma Data'!C201) | C201: =IF(A201="","",N(C200)+B201)

Sheet Log
A1: วันที่ข้อมูล | B1: สัญญา | C1: ราคา | D1: รวม Call Gamma | E1: รวม Put Gamma | F1: NET GEX | G1: สถานะ | H1: Gamma Flip (ใกล้ราคา) | I1: Strike gamma สูงสุด | J1: บันทึกเมื่อ
A2: 46283 | B2: G4TU6 | C2: 4390.7 | D2: 105 | E2: 48 | F2: 57 | G2: Positive GEX (นิ่ง) | H2: 4425 | I2: 4425 | J2: 46286.908
A3: 46288 | B3: OG4U6 | C3: 4318.4 | D3: 376 | E3: 578 | F3: -202 | G3: Negative GEX (แกว่งแรง) | I3: 4300 | J3: 46289.81
A4: 46290 | B4: G4MU6 | C4: 4321.2 | D4: 488 | E4: 486 | F4: 2 | G4: Positive GEX (นิ่ง) | H4: 4475 | I4: 4325 | J4: 46292.673
